,precision,recall,f1-score,support
Abusive,0.12121212121212122,0.36363636363636365,0.18181818181818182,11.0
Bad,0.0,0.0,0.0,11.0
Good,0.0,0.0,0.0,12.0
Neutral,0.0,0.0,0.0,14.0
Very Bad,0.25,0.25,0.25,8.0
Very Good,0.12,0.2727272727272727,0.16666666666666666,11.0
accuracy,0.13432835820895522,0.13432835820895522,0.13432835820895522,0.13432835820895522
macro avg,0.08186868686868687,0.14772727272727273,0.09974747474747475,67.0
weighted avg,0.06945273631840795,0.13432835820895522,0.08706467661691542,67.0
